Transaction ID,Customer ID,Subscription Plan,Amount Paid,Payment Date,Renewal Due
R1,C100,Standard,3413,2025-01-13,2025-10-07
R2,C56,Premium,1500,2024-08-20,2025-12-25
R3,C31,Basic,4721,2025-01-04,2025-07-22
R4,C85,Basic,4222,2025-01-25,2025-07-23
R5,C71,Premium,3046,2024-11-14,2025-10-30
R6,C172,Premium,4601,2024-12-28,2025-12-12
R7,C3,Premium,2356,2024-09-21,2025-09-01
R8,C72,Premium,1309,2024-11-25,2025-08-25
R9,C137,Premium,1076,2024-12-28,2025-06-15
R10,C98,Standard,4514,2024-05-21,2025-05-04
R11,C107,Basic,1044,2024-06-03,2025-12-25
R12,C112,Standard,2312,2025-01-02,2025-08-19
R13,C68,Premium,2423,2024-07-08,2025-09-02
R14,C120,Basic,2398,2024-11-02,2025-05-31
R15,C7,Premium,2864,2024-11-21,2026-02-09
R16,C192,Standard,1451,2024-09-24,2025-02-18
R17,C43,Standard,3951,2024-10-05,2025-06-21
R18,C84,Basic,3966,2024-09-09,2025-03-29
R19,C4,Basic,1394,2024-10-27,2025-05-28
R20,C197,Basic,4050,2024-09-10,2025-10-15
R21,C125,Basic,3616,2024-12-21,2025-05-03
R22,C191,Standard,2051,2024-05-27,2026-02-14
R23,C89,Premium,4014,2025-02-16,2025-04-29
R24,C184,Standard,1943,2024-10-14,2025-04-15
R25,C105,Standard,4094,2024-07-06,2025-07-20
R26,C35,Basic,3953,2024-02-23,2026-01-19
R27,C1,Standard,918,2025-02-16,2025-05-24
R28,C102,Standard,3740,2024-05-13,2026-01-28
R29,C48,Premium,3606,2025-02-11,2025-04-08
R30,C93,Premium,1385,2024-10-11,2025-06-03
R31,C139,Premium,3467,2024-10-17,2025-08-29
R32,C128,Standard,4938,2024-07-11,2025-09-14
R33,C105,Standard,1460,2024-10-14,2025-12-20
R34,C128,Basic,796,2024-02-22,2025-09-17
R35,C135,Premium,1384,2024-06-05,2025-04-22
R36,C12,Premium,3781,2024-02-22,2025-09-17
R37,C29,Premium,1093,2024-10-02,2026-02-02
R38,C68,Basic,2438,2024-05-06,2025-12-05
R39,C154,Basic,845,2024-09-03,2025-04-23
R40,C23,Standard,4753,2024-03-11,2025-07-30
R41,C152,Premium,2799,2024-09-13,2025-11-30
R42,C26,Premium,4378,2024-10-09,2025-09-24
R43,C72,Basic,2109,2024-11-03,2025-04-13
R44,C86,Standard,4889,2024-10-22,2025-06-10
R45,C63,Standard,2436,2025-02-08,2025-04-28
R46,C183,Basic,2070,2024-09-26,2025-12-15
R47,C108,Basic,3932,2024-12-19,2025-06-25
R48,C101,Standard,2284,2024-04-10,2025-09-17
R49,C34,Premium,1565,2024-12-07,2025-04-22
R50,C59,Basic,3710,2024-12-16,2025-06-26
R51,C60,Standard,2396,2024-03-12,2025-09-27
R52,C160,Standard,1307,2025-01-30,2026-02-08
R53,C15,Premium,3393,2024-12-21,2025-05-25
R54,C69,Basic,4001,2024-08-28,2025-11-23
R55,C84,Premium,4878,2024-12-29,2025-03-14
R56,C150,Basic,4490,2024-11-02,2025-08-27
R57,C178,Basic,650,2024-10-20,2025-07-01
R58,C105,Basic,4103,2025-02-06,2025-09-04
R59,C1,Standard,4394,2024-02-22,2025-11-28
R60,C115,Standard,2871,2024-10-19,2025-12-22
R61,C191,Basic,2582,2024-08-10,2025-03-23
R62,C149,Standard,857,2024-05-27,2025-12-03
R63,C83,Basic,985,2025-01-04,2025-06-12
R64,C152,Standard,3684,2024-06-08,2025-08-03
R65,C35,Basic,3644,2024-08-20,2026-01-16
R66,C31,Premium,4664,2024-09-07,2025-02-18
R67,C148,Standard,684,2024-08-24,2025-09-30
R68,C84,Standard,4620,2024-11-28,2025-11-20
R69,C27,Standard,1700,2024-12-27,2025-06-23
R70,C128,Basic,2269,2024-02-20,2025-03-14
R71,C178,Standard,4888,2024-12-29,2025-10-14
R72,C82,Standard,1647,2024-08-24,2025-09-23
R73,C25,Premium,2318,2024-08-21,2025-05-14
R74,C10,Premium,4300,2024-12-24,2025-08-12
R75,C149,Standard,1198,2024-11-01,2025-04-25
R76,C189,Premium,4277,2024-12-28,2025-08-07
R77,C32,Premium,4460,2024-10-26,2025-03-13
R78,C125,Basic,790,2024-02-27,2025-09-10
R79,C150,Standard,546,2024-04-12,2025-04-15
R80,C147,Basic,1859,2024-12-14,2026-01-01
R81,C162,Basic,1402,2024-10-09,2025-07-16
R82,C162,Basic,3047,2024-03-20,2025-04-15
R83,C20,Premium,1183,2024-09-16,2025-07-22
R84,C47,Basic,4863,2024-10-12,2025-11-20
R85,C44,Basic,3052,2024-08-07,2025-09-08
R86,C166,Basic,3891,2024-07-21,2025-11-07
R87,C159,Premium,1789,2024-03-04,2025-12-07
R88,C77,Premium,4747,2024-02-18,2025-02-26
R89,C6,Basic,2665,2024-06-17,2026-02-08
R90,C16,Premium,1669,2024-11-08,2026-02-08
R91,C163,Premium,2481,2024-09-10,2025-04-02
R92,C81,Premium,4463,2025-01-23,2025-06-05
R93,C154,Premium,1146,2025-02-14,2025-08-30
R94,C166,Premium,634,2025-01-04,2025-09-15
R95,C171,Premium,4000,2024-04-08,2025-12-28
R96,C19,Premium,2389,2025-02-06,2025-09-27
R97,C136,Standard,2727,2024-03-21,2025-07-02
R98,C115,Standard,4211,2024-09-27,2025-03-01
R99,C12,Standard,1138,2024-07-04,2025-12-27
R100,C129,Premium,1335,2024-04-12,2025-09-28
R101,C39,Premium,4821,2024-07-26,2025-05-28
R102,C178,Premium,4127,2024-12-14,2025-03-23
R103,C55,Standard,2690,2024-09-02,2026-01-08
R104,C105,Premium,4148,2024-10-27,2025-12-28
R105,C59,Premium,2940,2024-11-04,2025-05-23
R106,C88,Premium,3314,2025-01-10,2025-06-16
R107,C14,Basic,2675,2024-08-16,2026-01-19
R108,C52,Standard,4165,2024-05-27,2025-10-25
R109,C155,Basic,4540,2025-01-18,2025-03-21
R110,C64,Basic,4863,2024-07-08,2025-08-01
R111,C72,Premium,3788,2024-12-13,2025-11-10
R112,C141,Premium,2431,2024-05-04,2025-07-19
R113,C138,Premium,4734,2024-10-20,2025-05-01
R114,C94,Standard,1375,2024-11-13,2026-01-04
R115,C21,Premium,1698,2024-04-06,2025-10-25
R116,C126,Standard,4916,2024-04-12,2025-06-29
R117,C171,Basic,3349,2024-03-29,2025-06-07
R118,C31,Basic,4863,2024-04-12,2026-02-08
R119,C57,Standard,2385,2024-09-12,2025-12-25
R120,C122,Premium,3047,2024-07-09,2026-01-25
R121,C155,Premium,1993,2024-08-15,2025-09-12
R122,C38,Basic,3822,2024-09-02,2025-02-18
R123,C93,Standard,3465,2024-04-23,2025-03-08
R124,C2,Basic,1930,2024-03-17,2026-02-04
R125,C189,Basic,4190,2024-12-26,2025-05-17
R126,C90,Premium,2001,2024-05-02,2025-05-08
R127,C48,Standard,1527,2025-01-09,2026-01-16
R128,C132,Basic,3167,2024-10-25,2025-08-30
R129,C184,Basic,2698,2025-01-02,2025-09-11
R130,C124,Standard,3055,2024-08-01,2025-11-08
R131,C40,Basic,3668,2025-02-12,2025-08-26
R132,C6,Basic,4061,2024-12-11,2025-05-04
R133,C132,Standard,2449,2025-01-11,2025-12-12
R134,C117,Standard,757,2024-10-06,2025-06-02
R135,C42,Standard,815,2025-01-31,2026-01-17
R136,C86,Basic,3796,2025-01-02,2025-10-21
R137,C116,Premium,2296,2024-07-18,2025-07-15
R138,C139,Basic,656,2024-02-19,2025-03-21
R139,C26,Basic,3139,2024-09-01,2025-06-19
R140,C138,Basic,2700,2024-05-13,2025-05-07
R141,C101,Standard,2314,2024-07-03,2025-06-12
R142,C182,Premium,1146,2024-10-16,2025-05-25
R143,C199,Premium,1194,2024-12-07,2025-07-01
R144,C23,Basic,738,2025-01-26,2025-08-16
R145,C23,Standard,1529,2024-03-25,2026-01-14
R146,C46,Premium,3289,2024-09-10,2026-02-08
R147,C82,Standard,4654,2024-11-02,2025-08-21
R148,C13,Premium,1672,2024-12-18,2025-03-11
R149,C175,Standard,3330,2024-12-07,2025-11-29
R150,C92,Premium,1231,2024-06-11,2026-01-18
R151,C97,Standard,4614,2024-06-03,2025-12-07
R152,C72,Basic,1563,2024-12-29,2025-05-01
R153,C59,Basic,2655,2024-03-12,2025-09-09
R154,C141,Basic,3130,2024-11-15,2025-08-05
R155,C29,Basic,3917,2024-08-05,2026-01-03
R156,C69,Basic,1233,2024-07-17,2025-02-18
R157,C103,Premium,4654,2024-05-29,2026-01-16
R158,C129,Basic,687,2025-01-05,2025-10-08
R159,C141,Premium,2984,2024-04-08,2025-10-30
R160,C135,Standard,3537,2024-07-11,2025-09-20
R161,C162,Basic,849,2024-11-17,2025-12-21
R162,C68,Premium,1346,2024-07-05,2025-03-13
R163,C167,Basic,3678,2024-10-07,2025-08-29
R164,C82,Basic,2563,2024-07-08,2025-07-16
R165,C198,Basic,1546,2024-07-13,2025-11-25
R166,C143,Premium,1206,2024-06-05,2026-01-08
R167,C196,Premium,4547,2024-08-31,2025-06-20
R168,C12,Basic,1704,2024-11-29,2025-08-22
R169,C182,Premium,4149,2024-09-22,2026-01-23
R170,C189,Premium,1177,2024-08-20,2025-11-05
R171,C54,Basic,3831,2024-02-20,2025-12-03
R172,C45,Basic,3598,2024-05-19,2025-05-29
R173,C159,Standard,4752,2024-08-01,2025-11-13
R174,C145,Premium,899,2024-10-09,2025-10-19
R175,C87,Basic,635,2024-09-08,2025-10-04
R176,C39,Standard,4573,2024-08-11,2026-01-01
R177,C152,Basic,2070,2024-11-19,2025-04-07
R178,C47,Basic,2497,2024-09-10,2025-09-01
R179,C175,Basic,1442,2024-05-30,2025-08-01
R180,C196,Premium,3646,2024-11-02,2025-11-16
R181,C181,Premium,3217,2025-01-07,2025-08-28
R182,C146,Basic,2864,2024-09-22,2025-07-14
R183,C148,Standard,3869,2024-12-05,2025-12-10
R184,C76,Standard,1033,2025-01-20,2026-01-07
R185,C118,Standard,2676,2025-01-08,2025-12-07
R186,C72,Premium,2253,2025-01-29,2025-03-11
R187,C173,Basic,2474,2024-12-01,2025-06-16
R188,C117,Premium,2026,2024-08-28,2025-07-22
R189,C153,Basic,2664,2024-09-03,2025-04-10
R190,C113,Standard,4826,2024-03-20,2025-11-17
R191,C174,Basic,3414,2024-05-13,2025-11-07
R192,C154,Premium,507,2024-06-30,2026-02-07
R193,C67,Standard,2662,2024-04-07,2025-05-14
R194,C104,Basic,1932,2024-06-09,2025-03-01
R195,C107,Standard,2351,2024-10-11,2026-02-13
R196,C179,Basic,4016,2024-03-21,2026-02-01
R197,C180,Basic,2561,2024-07-22,2025-04-24
R198,C123,Premium,2110,2024-12-15,2025-05-30
R199,C76,Basic,4881,2024-04-19,2025-02-20
R200,C175,Standard,2775,2024-12-01,2025-05-21
R201,C62,Premium,3522,2024-08-05,2025-09-25
R202,C2,Premium,610,2024-03-26,2025-09-24
R203,C108,Standard,3563,2024-05-13,2025-03-11
R204,C187,Basic,2259,2024-08-26,2025-05-18
R205,C47,Premium,2918,2024-02-29,2026-01-18
R206,C158,Basic,2870,2024-10-27,2025-05-06
R207,C183,Premium,2491,2024-08-04,2025-09-22
R208,C138,Basic,4103,2025-02-15,2025-07-06
R209,C134,Standard,3410,2024-06-10,2025-07-17
R210,C38,Premium,1930,2024-10-07,2025-02-28
R211,C20,Premium,924,2024-05-28,2025-05-17
R212,C144,Basic,4727,2024-12-18,2025-10-18
R213,C53,Basic,3449,2024-11-10,2025-04-23
R214,C51,Basic,2968,2024-08-12,2025-03-01
R215,C141,Basic,4466,2024-09-24,2025-03-15
R216,C167,Premium,2292,2024-07-08,2025-10-28
R217,C96,Premium,3229,2024-11-01,2025-08-25
R218,C48,Basic,4289,2024-05-10,2026-01-03
R219,C103,Premium,1321,2024-12-25,2025-11-28
R220,C144,Basic,3291,2025-02-10,2025-06-10
R221,C64,Premium,2992,2024-12-03,2025-05-27
R222,C37,Basic,3120,2024-07-05,2026-02-09
R223,C60,Premium,2142,2024-09-13,2025-04-23
R224,C89,Basic,3077,2024-02-19,2025-05-03
R225,C112,Basic,1460,2024-11-12,2025-08-03
R226,C195,Premium,3378,2024-06-07,2025-08-21
R227,C77,Basic,4622,2024-10-18,2025-03-22
R228,C128,Basic,665,2024-06-12,2026-02-02
R229,C8,Premium,2585,2024-05-24,2025-07-07
R230,C99,Standard,597,2025-02-09,2025-12-30
R231,C31,Standard,2757,2024-12-06,2025-09-14
R232,C32,Basic,2722,2024-06-05,2025-10-04
R233,C61,Basic,598,2024-03-26,2025-04-13
R234,C176,Basic,1265,2024-05-25,2025-07-25
R235,C114,Standard,2090,2024-06-12,2025-02-27
R236,C64,Basic,3551,2024-03-31,2025-04-22
R237,C30,Premium,4634,2024-10-28,2026-01-23
R238,C128,Standard,3987,2024-07-16,2025-03-15
R239,C195,Standard,790,2024-11-22,2026-01-30
R240,C196,Standard,993,2024-12-15,2025-04-03
R241,C66,Standard,1681,2024-11-21,2025-04-10
R242,C19,Premium,4165,2024-11-26,2025-09-22
R243,C71,Standard,1541,2024-09-21,2025-03-21
R244,C24,Premium,3031,2024-11-05,2025-09-15
R245,C48,Premium,4899,2024-07-19,2025-12-10
R246,C1,Premium,2736,2024-12-28,2025-02-22
R247,C3,Standard,3031,2024-09-10,2025-12-20
R248,C70,Standard,3819,2024-04-22,2025-12-08
R249,C164,Premium,2294,2024-06-22,2025-10-20
R250,C194,Premium,3214,2024-07-04,2025-04-14
